{"stats":{"minecraft:custom":{"minecraft:jump":38,"minecraft:time_since_rest":10886,"minecraft:walk_one_cm":11170,"minecraft:leave_game":3,"minecraft:play_time":11819,"minecraft:sprint_one_cm":264,"minecraft:damage_taken":240,"minecraft:time_since_death":10885,"minecraft:deaths":1,"minecraft:sneak_time":150,"minecraft:total_world_time":12407,"minecraft:fly_one_cm":3312},"minecraft:used":{"minecraft:oak_log":15,"minecraft:white_wool":10,"minecraft:bedrock":1,"minecraft:dirt":2,"minecraft:stone":27,"minecraft:diamond_ore":36,"minecraft:lantern":3,"minecraft:grass_block":3}},"DataVersion":3337}